{"strategy":{"RossCameronFuturesStrategy":{"trades":[{"pair":"XRP/USDT:USDT","stake_amount":494.954986,"max_stake_amount":494.954986,"amount":913.1,"open_date":"2025-09-01 05:15:00+00:00","close_date":"2025-09-01 05:45:00+00:00","open_rate":2.7103,"close_rate":2.7336,"fee_open":0.0005,"fee_close":0.0005,"trade_duration":30,"profit_ratio":0.03794370756450327,"profit_abs":18.78981746,"exit_reason":"ross_cameron_quick_profit","initial_stop_loss_abs":2.6887,"initial_stop_loss_ratio":-0.04,"stop_loss_abs":2.6887,"stop_loss_ratio":-0.04,"min_rate":2.7,"max_rate":2.7365,"is_open":false,"enter_tag":"","leverage":5,"is_short":false,"open_timestamp":1756703700000,"close_timestamp":1756705500000,"orders":[{"amount":913.1,"safe_price":2.7103,"ft_order_side":"buy","order_filled_timestamp":1756703700000,"ft_is_entry":true,"ft_order_tag":"","cost":2476.012317465},{"amount":913.1,"safe_price":2.7336,"ft_order_side":"sell","order_filled_timestamp":1756705500000,"ft_is_entry":false,"ft_order_tag":"ross_cameron_quick_profit","cost":2497.29818508}],"funding_fees":0.0},{"pair":"BCH/USDT:USDT","stake_amount":495.91857,"max_stake_amount":495.91857,"amount":4.515,"open_date":"2025-09-01 08:00:00+00:00","close_date":"2025-09-01 08:30:00+00:00","open_rate":549.19,"close_rate":546.74,"fee_open":0.0005,"fee_close":0.0005,"trade_duration":30,"profit_ratio":0.017325392799892543,"profit_abs":8.58768803,"exit_reason":"exit_signal","initial_stop_loss_abs":553.58352,"initial_stop_loss_ratio":-0.04,"stop_loss_abs":553.58352,"stop_loss_ratio":-0.04,"min_rate":543.81,"max_rate":551.68,"is_open":false,"enter_tag":"","leverage":5,"is_short":true,"open_timestamp":1756713600000,"close_timestamp":1756715400000,"orders":[{"amount":4.515,"safe_price":549.19,"ft_order_side":"sell","order_filled_timestamp":1756713600000,"ft_is_entry":true,"ft_order_tag":"","cost":2480.832646425},{"amount":4.515,"safe_price":546.74,"ft_order_side":"buy","order_filled_timestamp":1756715400000,"ft_is_entry":false,"ft_order_tag":"exit_signal","cost":2469.7653655499994}],"funding_fees":0.0},{"pair":"LTC/USDT:USDT","stake_amount":495.9205,"max_stake_amount":495.9205,"amount":22.45,"open_date":"2025-09-01 08:00:00+00:00","close_date":"2025-09-01 08:30:00+00:00","open_rate":110.45,"close_rate":110.33,"fee_open":0.0005,"fee_close":0.0005,"trade_duration":30,"profit_ratio":0.00043525610700325263,"profit_abs":0.2157445,"exit_reason":"exit_signal","initial_stop_loss_abs":111.3336,"initial_stop_loss_ratio":-0.04,"stop_loss_abs":111.3336,"stop_loss_ratio":-0.04,"min_rate":110.26,"max_rate":111.16,"is_open":false,"enter_tag":"","leverage":5,"is_short":true,"open_timestamp":1756713600000,"close_timestamp":1756715400000,"orders":[{"amount":22.45,"safe_price":110.45,"ft_order_side":"sell","order_filled_timestamp":1756713600000,"ft_is_entry":true,"ft_order_tag":"","cost":2480.8423012499998},{"amount":22.45,"safe_price":110.33,"ft_order_side":"buy","order_filled_timestamp":1756715400000,"ft_is_entry":false,"ft_order_tag":"exit_signal","cost":2478.14695425}],"funding_fees":0.0},{"pair":"BTC/USDT:USDT","stake_amount":743.85336,"max_stake_amount":743.85336,"amount":0.034,"open_date":"2025-09-01 08:00:00+00:00","close_date":"2025-09-01 08:45:00+00:00","open_rate":109390.2,"close_rate":109549.9,"fee_open":0.0005,"fee_close":0.0005,"trade_duration":45,"profit_ratio":-0.012309361457935703,"profit_abs":-9.1517817,"exit_reason":"exit_signal","initial_stop_loss_abs":110265.3216,"initial_stop_loss_ratio":-0.04,"stop_loss_abs":110265.3216,"stop_loss_ratio":-0.04,"min_rate":109370.0,"max_rate":109779.0,"is_open":false,"enter_tag":"","leverage":5,"is_short":true,"open_timestamp":1756713600000,"close_timestamp":1756716300000,"orders":[{"amount":0.034,"safe_price":109390.2,"ft_order_side":"sell","order_filled_timestamp":1756713600000,"ft_is_entry":true,"ft_order_tag":"","cost":3721.1264334},{"amount":0.034,"safe_price":109549.9,"ft_order_side":"buy","order_filled_timestamp":1756716300000,"ft_is_entry":false,"ft_order_tag":"exit_signal","cost":3726.5589483}],"funding_fees":0.0}],"locks":[],"best_pair":{"key":"XRP/USDT:USDT","trades":1,"profit_mean":0.03794370756450327,"profit_mean_pct":3.79,"profit_total_abs":18.78981746,"profit_total":0.001878981746,"profit_total_pct":0.19,"duration_avg":"0:30:00","wins":1,"draws":0,"losses":0,"winrate":1.0,"cagr":0.02570195805822828,"expectancy":18.78981746,"expectancy_ratio":100.0,"sortino":-100,"sharpe":-100,"calmar":-100,"sqn":-100.0,"profit_factor":0.0,"max_drawdown_account":0.0,"max_drawdown_abs":0.0},"worst_pair":{"key":"BTC/USDT:USDT","trades":1,"profit_mean":-0.012309361457935703,"profit_mean_pct":-1.23,"profit_total_abs":-9.1517817,"profit_total":-0.0009151781700000001,"profit_total_pct":-0.09,"duration_avg":"0:45:00","wins":0,"draws":0,"losses":1,"winrate":0.0,"cagr":-0.012301231317549788,"expectancy":-9.1517817,"expectancy_ratio":-1.0,"sortino":-100,"sharpe":-100,"calmar":-100,"sqn":-100.0,"profit_factor":0.0,"max_drawdown_account":0.0,"max_drawdown_abs":0.0},"results_per_pair":[{"key":"XRP/USDT:USDT","trades":1,"profit_mean":0.03794370756450327,"profit_mean_pct":3.79,"profit_total_abs":18.78981746,"profit_total":0.001878981746,"profit_total_pct":0.19,"duration_avg":"0:30:00","wins":1,"draws":0,"losses":0,"winrate":1.0,"cagr":0.02570195805822828,"expectancy":18.78981746,"expectancy_ratio":100.0,"sortino":-100,"sharpe":-100,"calmar":-100,"sqn":-100.0,"profit_factor":0.0,"max_drawdown_account":0.0,"max_drawdown_abs":0.0},{"key":"BCH/USDT:USDT","trades":1,"profit_mean":0.017325392799892543,"profit_mean_pct":1.73,"profit_total_abs":8.58768803,"profit_total":0.000858768803,"profit_total_pct":0.09,"duration_avg":"0:30:00","wins":1,"draws":0,"losses":0,"winrate":1.0,"cagr":0.011671891058935735,"expectancy":8.58768803,"expectancy_ratio":100.0,"sortino":-100,"sharpe":-100,"calmar":-100,"sqn":-100.0,"profit_factor":0.0,"max_drawdown_account":0.0,"max_drawdown_abs":0.0},{"key":"LTC/USDT:USDT","trades":1,"profit_mean":0.00043525610700325263,"profit_mean_pct":0.04,"profit_total_abs":0.2157445,"profit_total":2.157445e-05,"profit_total_pct":0.0,"duration_avg":"0:30:00","wins":1,"draws":0,"losses":0,"winrate":1.0,"cagr":0.0002916939901718152,"expectancy":0.2157445,"expectancy_ratio":100.0,"sortino":-100,"sharpe":-100,"calmar":-100,"sqn":-100.0,"profit_factor":0.0,"max_drawdown_account":0.0,"max_drawdown_abs":0.0},{"key":"ETH/USDT:USDT","trades":0,"profit_mean":0.0,"profit_mean_pct":0.0,"profit_total_abs":0.0,"profit_total":0.0,"profit_total_pct":0.0,"duration_avg":"0:00","wins":0,"draws":0,"losses":0,"winrate":0.0,"cagr":0.0,"expectancy":0.0,"expectancy_ratio":100.0,"sortino":0,"sharpe":0,"calmar":0,"sqn":0.0,"profit_factor":0.0,"max_drawdown_account":0.0,"max_drawdown_abs":0.0},{"key":"BTC/USDT:USDT","trades":1,"profit_mean":-0.012309361457935703,"profit_mean_pct":-1.23,"profit_total_abs":-9.1517817,"profit_total":-0.0009151781700000001,"profit_total_pct":-0.09,"duration_avg":"0:45:00","wins":0,"draws":0,"losses":1,"winrate":0.0,"cagr":-0.012301231317549788,"expectancy":-9.1517817,"expectancy_ratio":-1.0,"sortino":-100,"sharpe":-100,"calmar":-100,"sqn":-100.0,"profit_factor":0.0,"max_drawdown_account":0.0,"max_drawdown_abs":0.0},{"key":"TOTAL","trades":4,"profit_mean":0.010848748753365842,"profit_mean_pct":1.08,"profit_total_abs":18.441468289999996,"profit_total":0.0018441468289999996,"profit_total_pct":0.18,"duration_avg":"0:34:00","wins":3,"draws":0,"losses":1,"winrate":0.75,"cagr":0.025219948905192302,"expectancy":4.610367072499999,"expectancy_ratio":0.5037671596231363,"sortino":-100,"sharpe":1.2650707932132865,"calmar":142.97800116405648,"sqn":0.7742,"profit_factor":3.015068638492546,"max_drawdown_account":0.0009126598448743087,"max_drawdown_abs":9.1517817}],"results_per_enter_tag":[{"key":"","trades":4,"profit_mean":0.010848748753365842,"profit_mean_pct":1.08,"profit_total_abs":18.441468289999996,"profit_total":0.0018441468289999996,"profit_total_pct":0.18,"duration_avg":"0:34:00","wins":3,"draws":0,"losses":1,"winrate":0.75,"cagr":0.025219948905192302,"expectancy":4.610367072499999,"expectancy_ratio":0.5037671596231363,"sortino":-100,"sharpe":1.2650707932132865,"calmar":142.97800116405648,"sqn":0.7742,"profit_factor":3.015068638492546,"max_drawdown_account":0.0009126598448743087,"max_drawdown_abs":9.1517817},{"key":"TOTAL","trades":4,"profit_mean":0.010848748753365842,"profit_mean_pct":1.08,"profit_total_abs":18.441468289999996,"profit_total":0.0018441468289999996,"profit_total_pct":0.18,"duration_avg":"0:34:00","wins":3,"draws":0,"losses":1,"winrate":0.75,"cagr":0.025219948905192302,"expectancy":4.610367072499999,"expectancy_ratio":0.5037671596231363,"sortino":-100,"sharpe":1.2650707932132865,"calmar":142.97800116405648,"sqn":0.7742,"profit_factor":3.015068638492546,"max_drawdown_account":0.0009126598448743087,"max_drawdown_abs":9.1517817}],"exit_reason_summary":[{"key":"ross_cameron_quick_profit","trades":1,"profit_mean":0.03794370756450327,"profit_mean_pct":3.79,"profit_total_abs":18.78981746,"profit_total":0.001878981746,"profit_total_pct":0.19,"duration_avg":"0:30:00","wins":1,"draws":0,"losses":0,"winrate":1.0,"cagr":0.02570195805822828,"expectancy":18.78981746,"expectancy_ratio":100.0,"sortino":-100,"sharpe":-100,"calmar":-100,"sqn":-100.0,"profit_factor":0.0,"max_drawdown_account":0.0,"max_drawdown_abs":0.0},{"key":"exit_signal","trades":3,"profit_mean":0.0018170958163200308,"profit_mean_pct":0.18,"profit_total_abs":-0.34834917000000054,"profit_total":-3.4834917000000055e-05,"profit_total_pct":-0.0,"duration_avg":"0:35:00","wins":2,"draws":0,"losses":1,"winrate":0.6666666666666666,"cagr":-0.0004708138052954558,"expectancy":-0.11611639000000018,"expectancy_ratio":-0.01268784525312705,"sortino":-100,"sharpe":-0.034017670809501174,"calmar":-2.6957148804289295,"sqn":-0.0227,"profit_factor":0.9619364642406188,"max_drawdown_account":0.000914373207715899,"max_drawdown_abs":9.1517817},{"key":"TOTAL","trades":4,"profit_mean":0.010848748753365842,"profit_mean_pct":1.08,"profit_total_abs":18.441468289999996,"profit_total":0.0018441468289999996,"profit_total_pct":0.18,"duration_avg":"0:34:00","wins":3,"draws":0,"losses":1,"winrate":0.75,"cagr":0.025219948905192302,"expectancy":4.610367072499999,"expectancy_ratio":0.5037671596231363,"sortino":-100,"sharpe":1.2650707932132865,"calmar":142.97800116405648,"sqn":0.7742,"profit_factor":3.015068638492546,"max_drawdown_account":0.0009126598448743087,"max_drawdown_abs":9.1517817}],"mix_tag_stats":[{"key":["","ross_cameron_quick_profit"],"trades":1,"profit_mean":0.03794370756450327,"profit_mean_pct":3.79,"profit_total_abs":18.78981746,"profit_total":0.001878981746,"profit_total_pct":0.19,"duration_avg":"0:30:00","wins":1,"draws":0,"losses":0,"winrate":1.0,"cagr":0.02570195805822828,"expectancy":18.78981746,"expectancy_ratio":100.0,"sortino":-100,"sharpe":-100,"calmar":-100,"sqn":-100.0,"profit_factor":0.0,"max_drawdown_account":0.0,"max_drawdown_abs":0.0},{"key":["","exit_signal"],"trades":3,"profit_mean":0.0018170958163200308,"profit_mean_pct":0.18,"profit_total_abs":-0.34834917000000054,"profit_total":-3.4834917000000055e-05,"profit_total_pct":-0.0,"duration_avg":"0:35:00","wins":2,"draws":0,"losses":1,"winrate":0.6666666666666666,"cagr":-0.0004708138052954558,"expectancy":-0.11611639000000018,"expectancy_ratio":-0.01268784525312705,"sortino":-100,"sharpe":-0.034017670809501174,"calmar":-2.6957148804289295,"sqn":-0.0227,"profit_factor":0.9619364642406188,"max_drawdown_account":0.000914373207715899,"max_drawdown_abs":9.1517817},{"key":"TOTAL","trades":4,"profit_mean":0.010848748753365842,"profit_mean_pct":1.08,"profit_total_abs":18.441468289999996,"profit_total":0.0018441468289999996,"profit_total_pct":0.18,"duration_avg":"0:34:00","wins":3,"draws":0,"losses":1,"winrate":0.75,"cagr":0.025219948905192302,"expectancy":4.610367072499999,"expectancy_ratio":0.5037671596231363,"sortino":-100,"sharpe":1.2650707932132865,"calmar":142.97800116405648,"sqn":0.7742,"profit_factor":3.015068638492546,"max_drawdown_account":0.0009126598448743087,"max_drawdown_abs":9.1517817}],"left_open_trades":[{"key":"TOTAL","trades":0,"profit_mean":0.0,"profit_mean_pct":0.0,"profit_total_abs":0.0,"profit_total":0.0,"profit_total_pct":0.0,"duration_avg":"0:00","wins":0,"draws":0,"losses":0,"winrate":0.0,"cagr":0.0,"expectancy":0.0,"expectancy_ratio":100.0,"sortino":0,"sharpe":0,"calmar":0,"sqn":0.0,"profit_factor":0.0,"max_drawdown_account":0.0,"max_drawdown_abs":0.0}],"total_trades":4,"trade_count_long":1,"trade_count_short":3,"total_volume":22330.58315172,"avg_stake_amount":557.661854,"profit_mean":0.010848748753365842,"profit_median":0.008880324453447897,"profit_total":0.0018441468289999996,"profit_total_long":0.001878981746,"profit_total_short":-3.4834917000000055e-05,"profit_total_abs":18.441468289999996,"profit_total_long_abs":18.78981746,"profit_total_short_abs":-0.34834917000000054,"cagr":0.025219948905192302,"expectancy":4.610367072499999,"expectancy_ratio":0.5037671596231363,"sortino":-100,"sharpe":1.2650707932132865,"calmar":142.97800116405648,"sqn":0.7742,"profit_factor":3.015068638492546,"backtest_start":"2025-09-01 00:00:00","backtest_start_ts":1756684800000,"backtest_end":"2025-09-28 00:00:00","backtest_end_ts":1759017600000,"backtest_days":27,"backtest_run_start_ts":1759055473,"backtest_run_end_ts":1759055474,"trades_per_day":0.15,"market_change":-0.01981649118706321,"pairlist":["BTC/USDT:USDT","ETH/USDT:USDT","BCH/USDT:USDT","XRP/USDT:USDT","LTC/USDT:USDT"],"stake_amount":"unlimited","stake_currency":"USDT","stake_currency_decimals":3,"starting_balance":10000,"dry_run_wallet":10000,"final_balance":10018.44146829,"rejected_signals":1,"timedout_entry_orders":0,"timedout_exit_orders":0,"canceled_trade_entries":0,"canceled_entry_orders":0,"replaced_entry_orders":0,"max_open_trades":3,"max_open_trades_setting":3,"timeframe":"15m","timeframe_detail":"","timerange":"20250901-20250928","enable_protections":false,"strategy_name":"RossCameronFuturesStrategy","freqaimodel":null,"freqai_identifier":null,"stoploss":-0.04,"trailing_stop":false,"trailing_stop_positive":null,"trailing_stop_positive_offset":0.0,"trailing_only_offset_is_reached":false,"use_custom_stoploss":false,"minimal_roi":{"0":0.05,"30":0.03,"60":0.01,"120":0},"use_exit_signal":true,"exit_profit_only":false,"exit_profit_offset":0.0,"ignore_roi_if_entry_signal":false,"trading_mode":"futures","margin_mode":"isolated","periodic_breakdown":{"day":[{"date":"01/09/2025","date_ts":1756684800000,"profit_abs":18.44146829,"wins":3,"draws":0,"losses":1,"trades":4,"profit_factor":3.01506864}],"week":[{"date":"01/09/2025","date_ts":1756684800000,"profit_abs":18.44146829,"wins":3,"draws":0,"losses":1,"trades":4,"profit_factor":3.01506864}],"month":[{"date":"30/09/2025","date_ts":1759190400000,"profit_abs":18.44146829,"wins":3,"draws":0,"losses":1,"trades":4,"profit_factor":3.01506864}],"year":[{"date":"31/12/2025","date_ts":1767139200000,"profit_abs":18.44146829,"wins":3,"draws":0,"losses":1,"trades":4,"profit_factor":3.01506864}]},"backtest_best_day":0.04339499501346336,"backtest_worst_day":0.04339499501346336,"backtest_best_day_abs":18.44146829,"backtest_worst_day_abs":18.44146829,"winning_days":1,"draw_days":0,"losing_days":0,"daily_profit":[["2025-09-01",18.44146829]],"wins":3,"losses":1,"draws":0,"winrate":0.75,"holding_avg":"0:34:00","holding_avg_s":2040.0,"winner_holding_min":"0d 00:30","winner_holding_min_s":1800.0,"winner_holding_max":"0d 00:30","winner_holding_max_s":1800.0,"winner_holding_avg":"0d 00:30","winner_holding_avg_s":1800.0,"loser_holding_min":"0d 00:45","loser_holding_min_s":2700.0,"loser_holding_max":"0d 00:45","loser_holding_max_s":2700.0,"loser_holding_avg":"0d 00:45","loser_holding_avg_s":2700.0,"max_consecutive_wins":3,"max_consecutive_losses":1,"max_drawdown_account":0.0009126598448743087,"max_relative_drawdown":0.0009126598448743087,"max_drawdown_abs":9.1517817,"drawdown_start":"2025-09-01 08:30:00","drawdown_start_ts":1756715400000.0,"drawdown_end":"2025-09-01 08:45:00","drawdown_end_ts":1756716300000.0,"drawdown_duration":"0 days 00:15:00","drawdown_duration_s":900.0,"max_drawdown_low":18.441468289999996,"max_drawdown_high":27.593249989999997,"csum_min":10018.44146829,"csum_max":10027.59324999}},"strategy_comparison":[{"key":"RossCameronFuturesStrategy","trades":4,"profit_mean":0.010848748753365842,"profit_mean_pct":1.08,"profit_total_abs":18.441468289999996,"profit_total":0.0018441468289999996,"profit_total_pct":0.18,"duration_avg":"0:34:00","wins":3,"draws":0,"losses":1,"winrate":0.75,"cagr":0.025219948905192302,"expectancy":4.610367072499999,"expectancy_ratio":0.5037671596231363,"sortino":-100,"sharpe":1.2650707932132865,"calmar":142.97800116405648,"sqn":0.7742,"profit_factor":3.015068638492546,"max_drawdown_account":0.0009126598448743087,"max_drawdown_abs":"9.152"}]}