{"max_open_trades":3,"stake_currency":"USDT","stake_amount":"unlimited","tradable_balance_ratio":0.99,"fiat_display_currency":"USD","dry_run":true,"dry_run_wallet":10000,"trading_mode":"futures","margin_mode":"isolated","exchange":{"name":"binance","key":"REDACTED","secret":"REDACTED","sandbox":true,"ccxt_config":{"enableRateLimit":true,"sandbox":true,"options":{"defaultType":"future"}},"pair_whitelist":["BTC/USDT:USDT"]},"pairlists":[{"method":"StaticPairList"}],"dataformat_ohlcv":"json","dataformat_trades":"jsongz","timeframe":"4h","entry_pricing":{"price_side":"same","use_order_book":true,"order_book_top":1,"price_last_balance":0.0},"exit_pricing":{"price_side":"same","use_order_book":true,"order_book_top":1},"bot_name":"OptimizeFutures","initial_state":"running","force_entry_enable":true,"internals":{"process_throttle_secs":5},"config_files":["user_data\\optimize_config.json"]}