{"strategy":{"RossCameronFuturesStrategy":{"trades":[{"pair":"BTC/USDT:USDT","stake_amount":831.5986,"max_stake_amount":831.5986,"amount":0.042,"open_date":"2025-07-14 00:00:00+00:00","close_date":"2025-07-14 00:00:00+00:00","open_rate":118799.8,"close_rate":119591.79866666665,"fee_open":0.0005,"fee_close":0.0005,"trade_duration":0,"profit_ratio":-0.04604302150834916,"profit_abs":-38.27016757,"exit_reason":"stop_loss","initial_stop_loss_abs":119591.79866666665,"initial_stop_loss_ratio":-0.04,"stop_loss_abs":119591.79866666665,"stop_loss_ratio":-0.04,"min_rate":116898.0,"max_rate":120898.1,"is_open":false,"enter_tag":"","leverage":6,"is_short":true,"open_timestamp":1752451200000,"close_timestamp":1752451200000,"orders":[{"amount":0.042,"safe_price":118799.8,"ft_order_side":"sell","order_filled_timestamp":1752451200000,"ft_is_entry":true,"ft_order_tag":"","cost":4992.0863958},{"amount":0.042,"safe_price":119591.79866666665,"ft_order_side":"buy","order_filled_timestamp":1752451200000,"ft_is_entry":false,"ft_order_tag":"stop_loss","cost":5025.3669717719995}],"funding_fees":0.0},{"pair":"BTC/USDT:USDT","stake_amount":543.27015,"max_stake_amount":543.27015,"amount":0.027,"open_date":"2025-07-14 04:00:00+00:00","close_date":"2025-07-14 04:00:00+00:00","open_rate":120726.7,"close_rate":121531.54466666665,"fee_open":0.0005,"fee_close":0.0005,"trade_duration":0,"profit_ratio":-0.04604302150523049,"profit_abs":-25.0012923,"exit_reason":"stop_loss","initial_stop_loss_abs":121531.54466666665,"initial_stop_loss_ratio":-0.04,"stop_loss_abs":121531.54466666665,"stop_loss_ratio":-0.04,"min_rate":113455.8,"max_rate":121902.5,"is_open":false,"enter_tag":"","leverage":6,"is_short":true,"open_timestamp":1752465600000,"close_timestamp":1752465600000,"orders":[{"amount":0.027,"safe_price":120726.7,"ft_order_side":"sell","order_filled_timestamp":1752465600000,"ft_is_entry":true,"ft_order_tag":"","cost":3261.2507104499996},{"amount":0.027,"safe_price":121531.54466666665,"ft_order_side":"buy","order_filled_timestamp":1752465600000,"ft_is_entry":false,"ft_order_tag":"stop_loss","cost":3282.992381852999}],"funding_fees":0.0}],"locks":[],"best_pair":{"key":"BTC/USDT:USDT","trades":2,"profit_mean":-0.04604302150678982,"profit_mean_pct":-4.6,"profit_total_abs":-63.27145987,"profit_total":-0.006327145987,"profit_total_pct":-0.63,"duration_avg":"0:00:00","wins":0,"draws":0,"losses":2,"winrate":0.0,"cagr":-0.025413123005869398,"expectancy":-31.635729935,"expectancy_ratio":-1.0,"sortino":-2.024452829034378,"sharpe":-2.024452829034378,"calmar":-21.227747971714088,"sqn":-4.7684,"profit_factor":0.0,"max_drawdown_account":0.00632714598700004,"max_drawdown_abs":63.27145987},"worst_pair":{"key":"BTC/USDT:USDT","trades":2,"profit_mean":-0.04604302150678982,"profit_mean_pct":-4.6,"profit_total_abs":-63.27145987,"profit_total":-0.006327145987,"profit_total_pct":-0.63,"duration_avg":"0:00:00","wins":0,"draws":0,"losses":2,"winrate":0.0,"cagr":-0.025413123005869398,"expectancy":-31.635729935,"expectancy_ratio":-1.0,"sortino":-2.024452829034378,"sharpe":-2.024452829034378,"calmar":-21.227747971714088,"sqn":-4.7684,"profit_factor":0.0,"max_drawdown_account":0.00632714598700004,"max_drawdown_abs":63.27145987},"results_per_pair":[{"key":"BTC/USDT:USDT","trades":2,"profit_mean":-0.04604302150678982,"profit_mean_pct":-4.6,"profit_total_abs":-63.27145987,"profit_total":-0.006327145987,"profit_total_pct":-0.63,"duration_avg":"0:00:00","wins":0,"draws":0,"losses":2,"winrate":0.0,"cagr":-0.025413123005869398,"expectancy":-31.635729935,"expectancy_ratio":-1.0,"sortino":-2.024452829034378,"sharpe":-2.024452829034378,"calmar":-21.227747971714088,"sqn":-4.7684,"profit_factor":0.0,"max_drawdown_account":0.00632714598700004,"max_drawdown_abs":63.27145987},{"key":"TOTAL","trades":2,"profit_mean":-0.04604302150678982,"profit_mean_pct":-4.6,"profit_total_abs":-63.27145987,"profit_total":-0.006327145987,"profit_total_pct":-0.63,"duration_avg":"0:00:00","wins":0,"draws":0,"losses":2,"winrate":0.0,"cagr":-0.025413123005869398,"expectancy":-31.635729935,"expectancy_ratio":-1.0,"sortino":-2.024452829034378,"sharpe":-2.024452829034378,"calmar":-21.227747971714088,"sqn":-4.7684,"profit_factor":0.0,"max_drawdown_account":0.00632714598700004,"max_drawdown_abs":63.27145987}],"results_per_enter_tag":[{"key":"","trades":2,"profit_mean":-0.04604302150678982,"profit_mean_pct":-4.6,"profit_total_abs":-63.27145987,"profit_total":-0.006327145987,"profit_total_pct":-0.63,"duration_avg":"0:00:00","wins":0,"draws":0,"losses":2,"winrate":0.0,"cagr":-0.025413123005869398,"expectancy":-31.635729935,"expectancy_ratio":-1.0,"sortino":-2.024452829034378,"sharpe":-2.024452829034378,"calmar":-21.227747971714088,"sqn":-4.7684,"profit_factor":0.0,"max_drawdown_account":0.00632714598700004,"max_drawdown_abs":63.27145987},{"key":"TOTAL","trades":2,"profit_mean":-0.04604302150678982,"profit_mean_pct":-4.6,"profit_total_abs":-63.27145987,"profit_total":-0.006327145987,"profit_total_pct":-0.63,"duration_avg":"0:00:00","wins":0,"draws":0,"losses":2,"winrate":0.0,"cagr":-0.025413123005869398,"expectancy":-31.635729935,"expectancy_ratio":-1.0,"sortino":-2.024452829034378,"sharpe":-2.024452829034378,"calmar":-21.227747971714088,"sqn":-4.7684,"profit_factor":0.0,"max_drawdown_account":0.00632714598700004,"max_drawdown_abs":63.27145987}],"exit_reason_summary":[{"key":"stop_loss","trades":2,"profit_mean":-0.04604302150678982,"profit_mean_pct":-4.6,"profit_total_abs":-63.27145987,"profit_total":-0.006327145987,"profit_total_pct":-0.63,"duration_avg":"0:00:00","wins":0,"draws":0,"losses":2,"winrate":0.0,"cagr":-0.025413123005869398,"expectancy":-31.635729935,"expectancy_ratio":-1.0,"sortino":-2.024452829034378,"sharpe":-2.024452829034378,"calmar":-21.227747971714088,"sqn":-4.7684,"profit_factor":0.0,"max_drawdown_account":0.00632714598700004,"max_drawdown_abs":63.27145987},{"key":"TOTAL","trades":2,"profit_mean":-0.04604302150678982,"profit_mean_pct":-4.6,"profit_total_abs":-63.27145987,"profit_total":-0.006327145987,"profit_total_pct":-0.63,"duration_avg":"0:00:00","wins":0,"draws":0,"losses":2,"winrate":0.0,"cagr":-0.025413123005869398,"expectancy":-31.635729935,"expectancy_ratio":-1.0,"sortino":-2.024452829034378,"sharpe":-2.024452829034378,"calmar":-21.227747971714088,"sqn":-4.7684,"profit_factor":0.0,"max_drawdown_account":0.00632714598700004,"max_drawdown_abs":63.27145987}],"mix_tag_stats":[{"key":["","stop_loss"],"trades":2,"profit_mean":-0.04604302150678982,"profit_mean_pct":-4.6,"profit_total_abs":-63.27145987,"profit_total":-0.006327145987,"profit_total_pct":-0.63,"duration_avg":"0:00:00","wins":0,"draws":0,"losses":2,"winrate":0.0,"cagr":-0.025413123005869398,"expectancy":-31.635729935,"expectancy_ratio":-1.0,"sortino":-2.024452829034378,"sharpe":-2.024452829034378,"calmar":-21.227747971714088,"sqn":-4.7684,"profit_factor":0.0,"max_drawdown_account":0.00632714598700004,"max_drawdown_abs":63.27145987},{"key":"TOTAL","trades":2,"profit_mean":-0.04604302150678982,"profit_mean_pct":-4.6,"profit_total_abs":-63.27145987,"profit_total":-0.006327145987,"profit_total_pct":-0.63,"duration_avg":"0:00:00","wins":0,"draws":0,"losses":2,"winrate":0.0,"cagr":-0.025413123005869398,"expectancy":-31.635729935,"expectancy_ratio":-1.0,"sortino":-2.024452829034378,"sharpe":-2.024452829034378,"calmar":-21.227747971714088,"sqn":-4.7684,"profit_factor":0.0,"max_drawdown_account":0.00632714598700004,"max_drawdown_abs":63.27145987}],"left_open_trades":[{"key":"TOTAL","trades":0,"profit_mean":0.0,"profit_mean_pct":0.0,"profit_total_abs":0.0,"profit_total":0.0,"profit_total_pct":0.0,"duration_avg":"0:00","wins":0,"draws":0,"losses":0,"winrate":0.0,"cagr":0.0,"expectancy":0.0,"expectancy_ratio":100.0,"sortino":0,"sharpe":0,"calmar":0,"sqn":0.0,"profit_factor":0.0,"max_drawdown_account":0.0,"max_drawdown_abs":0.0}],"total_trades":2,"trade_count_long":0,"trade_count_short":2,"total_volume":16561.696459875,"avg_stake_amount":687.434375,"profit_mean":-0.04604302150678982,"profit_median":-0.04604302150678982,"profit_total":-0.006327145987,"profit_total_long":0.0,"profit_total_short":-0.006327145987,"profit_total_abs":-63.27145987,"profit_total_long_abs":0.0,"profit_total_short_abs":-63.27145987,"cagr":-0.025413123005869398,"expectancy":-31.635729935,"expectancy_ratio":-1.0,"sortino":-2.024452829034378,"sharpe":-2.024452829034378,"calmar":-21.227747971714088,"sqn":-4.7684,"profit_factor":0.0,"backtest_start":"2025-06-30 00:00:00","backtest_start_ts":1751241600000,"backtest_end":"2025-09-28 00:00:00","backtest_end_ts":1759017600000,"backtest_days":90,"backtest_run_start_ts":1759056800,"backtest_run_end_ts":1759056800,"trades_per_day":0.02,"market_change":0.00835647663808977,"pairlist":["BTC/USDT:USDT"],"stake_amount":"unlimited","stake_currency":"USDT","stake_currency_decimals":3,"starting_balance":10000,"dry_run_wallet":10000,"final_balance":9936.72854013,"rejected_signals":0,"timedout_entry_orders":0,"timedout_exit_orders":0,"canceled_trade_entries":0,"canceled_entry_orders":0,"replaced_entry_orders":0,"max_open_trades":1,"max_open_trades_setting":3,"timeframe":"4h","timeframe_detail":"","timerange":"20250630-20250928","enable_protections":false,"strategy_name":"RossCameronFuturesStrategy","freqaimodel":null,"freqai_identifier":null,"stoploss":-0.04,"trailing_stop":false,"trailing_stop_positive":null,"trailing_stop_positive_offset":0.0,"trailing_only_offset_is_reached":false,"use_custom_stoploss":false,"minimal_roi":{"0":0.05,"30":0.03,"60":0.01,"120":0},"use_exit_signal":true,"exit_profit_only":false,"exit_profit_offset":0.0,"ignore_roi_if_entry_signal":false,"trading_mode":"futures","margin_mode":"isolated","periodic_breakdown":{"day":[{"date":"14/07/2025","date_ts":1752451200000,"profit_abs":-63.27145987,"wins":0,"draws":0,"losses":2,"trades":2,"profit_factor":0.0}],"week":[{"date":"14/07/2025","date_ts":1752451200000,"profit_abs":-63.27145987,"wins":0,"draws":0,"losses":2,"trades":2,"profit_factor":0.0}],"month":[{"date":"31/07/2025","date_ts":1753920000000,"profit_abs":-63.27145987,"wins":0,"draws":0,"losses":2,"trades":2,"profit_factor":0.0}],"year":[{"date":"31/12/2025","date_ts":1767139200000,"profit_abs":-63.27145987,"wins":0,"draws":0,"losses":2,"trades":2,"profit_factor":0.0}]},"backtest_best_day":-0.09208604301357964,"backtest_worst_day":-0.09208604301357964,"backtest_best_day_abs":-63.27145987,"backtest_worst_day_abs":-63.27145987,"winning_days":0,"draw_days":0,"losing_days":1,"daily_profit":[["2025-07-14",-63.27145987]],"wins":0,"losses":2,"draws":0,"winrate":0.0,"holding_avg":"0:00:00","holding_avg_s":0.0,"winner_holding_min":"0d 00:00","winner_holding_min_s":0.0,"winner_holding_max":"0d 00:00","winner_holding_max_s":0.0,"winner_holding_avg":"0d 00:00","winner_holding_avg_s":0.0,"loser_holding_min":"0d 00:00","loser_holding_min_s":0.0,"loser_holding_max":"0d 00:00","loser_holding_max_s":0.0,"loser_holding_avg":"0d 00:00","loser_holding_avg_s":0.0,"max_consecutive_wins":0,"max_consecutive_losses":2,"max_drawdown_account":0.00632714598700004,"max_relative_drawdown":0.00632714598700004,"max_drawdown_abs":63.27145987,"drawdown_start":"2025-07-14 00:00:00","drawdown_start_ts":1752451200000.0,"drawdown_end":"2025-07-14 04:00:00","drawdown_end_ts":1752465600000.0,"drawdown_duration":"0 days 04:00:00","drawdown_duration_s":14400.0,"max_drawdown_low":-63.27145987,"max_drawdown_high":-38.27016757,"csum_min":9936.72854013,"csum_max":9961.72983243}},"strategy_comparison":[{"key":"RossCameronFuturesStrategy","trades":2,"profit_mean":-0.04604302150678982,"profit_mean_pct":-4.6,"profit_total_abs":-63.27145987,"profit_total":-0.006327145987,"profit_total_pct":-0.63,"duration_avg":"0:00:00","wins":0,"draws":0,"losses":2,"winrate":0.0,"cagr":-0.025413123005869398,"expectancy":-31.635729935,"expectancy_ratio":-1.0,"sortino":-2.024452829034378,"sharpe":-2.024452829034378,"calmar":-21.227747971714088,"sqn":-4.7684,"profit_factor":0.0,"max_drawdown_account":0.00632714598700004,"max_drawdown_abs":"63.271"}]}