{"max_open_trades":1,"stake_currency":"USDT","stake_amount":"unlimited","tradable_balance_ratio":0.99,"fiat_display_currency":"USD","dry_run":false,"dry_run_wallet":10000,"trading_mode":"futures","margin_mode":"isolated","exchange":{"name":"binance","key":"REDACTED","secret":"REDACTED","sandbox":true,"ccxt_config":{"enableRateLimit":true,"sandbox":true,"options":{"defaultType":"future"}},"pair_whitelist":["BTC/USDT:USDT"]},"pairlists":[{"method":"StaticPairList","pairs":["BTC/USDT:USDT"]}],"dataformat_ohlcv":"json","dataformat_trades":"jsongz","timeframe":"15m","entry_pricing":{"price_side":"same","use_order_book":true,"order_book_top":1,"price_last_balance":0.0,"check_depth_of_market":{"enabled":false,"bids_to_ask_delta":1}},"exit_pricing":{"price_side":"same","use_order_book":true,"order_book_top":1},"api_server":{"enabled":true,"listen_ip_address":"0.0.0.0","listen_port":8080,"verbosity":"error","jwt_secret_key":"futures-trading-secret-2024","username":"freqtrade","password":"REDACTED"},"bot_name":"FreqtradeFutures","initial_state":"running","force_entry_enable":true,"internals":{"process_throttle_secs":5},"config_files":["user_data\\config_futures.json"]}